timestamp,predicted_pm,actual_pm
1775288723.9430504,114.5863127708435,49
1775288786.4082005,126.67021721601486,48
1775293436.696603,83.82191002368927,50
1775293618.496122,147.9505157470703,49
1775293618.4977176,147.9505157470703,49
1775293652.8082635,147.9505157470703,49
1775294210.3561945,85.26013687252998,20
1775294211.402373,85.26013687252998,20
1775294410.4229026,129.7250859439373,48
1775294413.3432863,129.7250859439373,48
1775294475.4828565,104.60379004478455,48
1775294545.8298979,75.72015702724457,47
1775294607.9301598,129.5976421236992,48
1775294629.9456384,130.00214219093323,42
1775294697.0875504,134.2908474802971,45
1775294794.7898774,79.70217421650887,42
1775294835.7576087,98.47128376364708,44
1775294910.5663695,117.14251816272736,44
1775294935.8857055,132.98620879650116,45
1775295327.3210542,136.8099182844162,42
1775295399.5409696,36.965594589710236,41
1775295531.2624621,70.97281351685524,42
1775295591.7489607,114.46822762489319,44
1775295678.0539405,119.33623880147934,45
1775371919.7864919,85.50823256373405,46
1775371939.1853676,61.27113789319992,44
1775371957.5021837,117.11593478918076,45
1775371975.5806093,87.74206519126892,45
1775371996.3888373,94.45987164974213,48
1775372016.1746202,75.13863980770111,44
1775372045.9392962,61.27113789319992,45
1775372104.8472674,120.79905092716217,28
1775372136.5959675,134.0406036376953,29
1775372801.2233377,115.45784622430801,29
1775373135.2287774,128.02279442548752,31
1775380910.896841,128.02279442548752,29
1775380933.2147565,85.50823256373405,42
1775380991.323657,85.50823256373405,42
1775380996.3478181,85.50823256373405,42
1775381178.83707,117.95170783996582,33
1775481186.7274337,149.4042456150055,51
1775481216.9038074,112.74439930915833,51
1775481239.2303813,184.60943013429642,51
1775819211.8351169,168.07929456233978,38
